{
  "SC4561F0-PSG": 0.4304798840044508,
  "SC4621E0-PSG": 0.5707212355768139,
  "ST7052J0-PSG": 0.821901960985943,
  "SC4122E0-PSG": 0.7634439936338571,
  "ST7162J0-PSG": 0.5350044666143063,
  "SC4382F0-PSG": 0.8710196777428869,
  "SC4402E0-PSG": 0.6865715847187208,
  "SC4642E0-PSG": 0.7599544969395018,
  "SC4532E0-PSG": 0.7250197189402809,
  "SC4522E0-PSG": 0.730851421854769,
  "SC4431E0-PSG": 0.6065485907900816,
  "SC4242E0-PSG": 0.8199197266966133,
  "SC4612E0-PSG": 0.6093601603260074,
  "ST7142J0-PSG": 0.6817066426332932,
  "ST7182J0-PSG": 0.773832092803389,
  "ST7241J0-PSG": 0.7195752203774621,
  "SC4812G0-PSG": 0.7590259823972482,
  "ST7242J0-PSG": 0.7944057168952438,
  "SC4241E0-PSG": 0.8204490818418958,
  "ST7161J0-PSG": 0.5735697985019461,
  "SC4761E0-PSG": 0.7304756220689075,
  "SC4272F0-PSG": 0.7015223711145133,
  "SC4451F0-PSG": 0.6025445605728295,
  "SC4531E0-PSG": 0.6720336424255432,
  "SC4771G0-PSG": 0.5687038450097646,
  "SC4762E0-PSG": 0.6230620490323611,
  "ST7112J0-PSG": 0.7152600972000029,
  "SC4411E0-PSG": 0.6170238706039533,
  "SC4772G0-PSG": 0.644693156207361,
  "SC4752E0-PSG": 0.6792740188162001,
  "SC4712E0-PSG": 0.6102078831414011,
  "SC4142E0-PSG": 0.8929572556795579,
  "SC4492G0-PSG": 0.6715881810511247,
  "SC4701E0-PSG": 0.5327081735272319,
  "ST7042J0-PSG": 0.7834089429439244,
  "SC4571F0-PSG": 0.6943210475174151,
  "SC4172E0-PSG": 0.7676163227497713,
  "SC4062E0-PSG": 0.835664123373338,
  "SC4541F0-PSG": 0.8195455098464098,
  "SC4162E0-PSG": 0.7255149097071711,
  "ST7212J0-PSG": 0.810671665434576,
  "SC4732E0-PSG": 0.5868430269340159,
  "SC4152E0-PSG": 0.8582479944065212,
  "SC4081E0-PSG": 0.7468785199778878,
  "ST7171J0-PSG": 0.7671737596665084,
  "SC4482F0-PSG": 0.8016816597272842,
  "SC4472F0-PSG": 0.6826553583324309,
  "SC4501E0-PSG": 0.6261842667679598,
  "SC4342F0-PSG": 0.8317603477950732,
  "ST7111J0-PSG": 0.7050662079941028,
  "SC4061E0-PSG": 0.8532806343557426,
  "SC4032E0-PSG": 0.828843095535176,
  "SC4091E0-PSG": 0.756646453335431,
  "ST7201J0-PSG": 0.7710935365848197,
  "SC4632E0-PSG": 0.6415861418807447,
  "SC4551F0-PSG": 0.706387534770073,
  "SC4371F0-PSG": 0.349962081600396,
  "SC4742E0-PSG": 0.5027835961447067,
  "SC4282G0-PSG": 0.7286851690287786,
  "SC4452F0-PSG": 0.7114880890014954,
  "SC4442E0-PSG": 0.7306303738851672,
  "SC4202E0-PSG": 0.8285196173012338,
  "SC4702E0-PSG": 0.4865401339260622,
  "SC4611E0-PSG": 0.44635309567561965,
  "SC4261F0-PSG": 0.7232094672108633,
  "ST7211J0-PSG": 0.7778957010732096,
  "SC4252E0-PSG": 0.7297496653779054,
  "ST7061J0-PSG": 0.718706101039149,
  "SC4321E0-PSG": 0.7319136791559375,
  "SC4352F0-PSG": 0.586373139002446,
  "ST7132J0-PSG": 0.6555494805904867,
  "SC4722E0-PSG": 0.4433478495530848,
  "SC4512E0-PSG": 0.6813821885365507,
  "ST7202J0-PSG": 0.6432757483122878,
  "SC4542F0-PSG": 0.610804923526035,
  "SC4601E0-PSG": 0.7261275904104023,
  "SC4181E0-PSG": 0.6550568265359432,
  "ST7172J0-PSG": 0.6821429104695405,
  "ST7081J0-PSG": 0.7535695516183951,
  "ST7102J0-PSG": 0.5943004606406861,
  "SC4271F0-PSG": 0.7414933660939989,
  "SC4111E0-PSG": 0.7529587699032756,
  "SC4372F0-PSG": 0.568570417137464,
  "SC4381F0-PSG": 0.7873997960291381,
  "SC4221E0-PSG": 0.5173917204564064,
  "ST7141J0-PSG": 0.7642861835360257,
  "ST7121J0-PSG": 0.7334155422629272,
  "ST7152J0-PSG": 0.7958339801200079,
  "SC4802G0-PSG": 0.6007321313475769,
  "SC4191E0-PSG": 0.7998645451807056,
  "ST7192J0-PSG": 0.832449912099903,
  "SC4461F0-PSG": 0.6939065764865466,
  "ST7221J0-PSG": 0.727953251121229,
  "SC4582G0-PSG": 0.5939609930677734,
  "SC4362F0-PSG": 0.5929229105887143,
  "SC4661E0-PSG": 0.5682341089808058,
  "ST7011J0-PSG": 0.6389053293428957,
  "SC4591G0-PSG": 0.6501534449480745,
  "SC4441E0-PSG": 0.6427874375832521,
  "ST7191J0-PSG": 0.8712933971459824,
  "SC4082E0-PSG": 0.8079983877507444,
  "SC4302E0-PSG": 0.6408361160790592,
  "ST7062J0-PSG": 0.7270992757170699,
  "SC4751E0-PSG": 0.859670976497772,
  "SC4022E0-PSG": 0.6451827677665113,
  "ST7021J0-PSG": 0.8042570121344739,
  "SC4602E0-PSG": 0.6215004079714016,
  "SC4481F0-PSG": 0.7476366670452659,
  "SC4641E0-PSG": 0.7871436181993404,
  "SC4021E0-PSG": 0.6899160804975422,
  "SC4141E0-PSG": 0.8917068552160216,
  "SC4281G0-PSG": 0.8016505302901888,
  "ST7122J0-PSG": 0.844128433727234,
  "ST7051J0-PSG": 0.7507712560302455,
  "SC4042E0-PSG": 0.7733365137556565,
  "ST7071J0-PSG": 0.8057945814044691,
  "SC4052E0-PSG": 0.8232851500654447,
  "SC4592G0-PSG": 0.5916457021603866,
  "SC4462F0-PSG": 0.6393323586266448,
  "SC4511E0-PSG": 0.4838107454959857,
  "SC4231E0-PSG": 0.5641636693041091,
  "SC4562F0-PSG": 0.5282130343090192,
  "SC4232E0-PSG": 0.6393286297988424,
  "SC4741E0-PSG": 0.793007459949975,
  "SC4171E0-PSG": 0.5547925588312242,
  "ST7222J0-PSG": 0.7331517752057043,
  "ST7012J0-PSG": 0.6825948415618244,
  "SC4222E0-PSG": 0.7028159426264873,
  "SC4671G0-PSG": 0.7553322113238699,
  "SC4662E0-PSG": 0.6818205137236466,
  "SC4031E0-PSG": 0.7335754985754985,
  "SC4072E0-PSG": 0.8434119355438425,
  "ST7091J0-PSG": 0.7863783154036394,
  "SC4332F0-PSG": 0.8633759970076847,
  "SC4311E0-PSG": 0.7799137524001385,
  "SC4351F0-PSG": 0.5534878838087152,
  "SC4112E0-PSG": 0.6639662679272742,
  "SC4651E0-PSG": 0.6767375658609468,
  "SC4412E0-PSG": 0.6658991963875455,
  "ST7181J0-PSG": 0.5807254079894919,
  "SC4401E0-PSG": 0.6744900616493121,
  "SC4011E0-PSG": 0.7643293858861898,
  "ST7082J0-PSG": 0.6243312327181532,
  "ST7151J0-PSG": 0.6955379508380344,
  "ST7072J0-PSG": 0.8328381242959901,
  "SC4071E0-PSG": 0.8424651851334297,
  "SC4491G0-PSG": 0.6653771991808088,
  "SC4292G0-PSG": 0.8677934558385918,
  "SC4502E0-PSG": 0.6598071091770026,
  "SC4262F0-PSG": 0.7684460429314991,
  "SC4121E0-PSG": 0.8305964423641065,
  "ST7101J0-PSG": 0.669167420570417,
  "ST7022J0-PSG": 0.6967973515204786,
  "SC4581G0-PSG": 0.6560533026155235,
  "SC4622E0-PSG": 0.6984625952872878,
  "SC4552F0-PSG": 0.8023126331025006,
  "SC4301E0-PSG": 0.6529073368413647,
  "SC4672G0-PSG": 0.6225034321043863,
  "SC4341F0-PSG": 0.7551244445157952,
  "SC4251E0-PSG": 0.7435319942534377,
  "SC4211E0-PSG": 0.8146829856307106,
  "SC4432E0-PSG": 0.6383819379115709,
  "SC4572F0-PSG": 0.6425128665958664,
  "SC4151E0-PSG": 0.696054229611389,
  "SC4041E0-PSG": 0.7487789957768891,
  "SC4102E0-PSG": 0.6570611626585874,
  "ST7041J0-PSG": 0.7260186335860461,
  "SC4001E0-PSG": 0.7902259408569342,
  "SC4711E0-PSG": 0.6665965091744124,
  "SC4192E0-PSG": 0.7060398023870644,
  "SC4312E0-PSG": 0.6721553777332079,
  "SC4471F0-PSG": 0.6139262532259326,
  "SC4652E0-PSG": 0.6518933558370703,
  "SC4422E0-PSG": 0.7470553038431484,
  "SC4212E0-PSG": 0.7008000285884028,
  "SC4331F0-PSG": 0.777347849096545,
  "SC4822G0-PSG": 0.7874175396323994,
  "SC4002E0-PSG": 0.746578989320966,
  "SC4801G0-PSG": 0.7095965338941143,
  "SC4811G0-PSG": 0.805997154483348,
  "SC4821G0-PSG": 0.8714726346821675,
  "SC4291G0-PSG": 0.7410036215775138,
  "SC4322E0-PSG": 0.7198224175529987,
  "SC4101E0-PSG": 0.6634438073607488,
  "SC4092E0-PSG": 0.7668428598083604,
  "SC4721E0-PSG": 0.5790415715010369,
  "SC4131E0-PSG": 0.7980320714434843,
  "SC4051E0-PSG": 0.8263996688399048,
  "ST7092J0-PSG": 0.7847351570209646,
  "SC4161E0-PSG": 0.7462756812309701,
  "ST7131J0-PSG": 0.7105180386261887,
  "SC4631E0-PSG": 0.6300017758786871,
  "SC4201E0-PSG": 0.8291122387650921,
  "SC4182E0-PSG": 0.6568361163490097,
  "SC4731E0-PSG": 0.6791837795359053,
  "SC4012E0-PSG": 0.808636436523181,
  "SC4421E0-PSG": 0.8375856468166601
}