{
  "nfle12": 0.8140246485607148,
  "rbd1": 0.6109308563597391,
  "narco3": 0.685064247846543,
  "rbd2": 0.4910385261288135,
  "ins9": 0.8154911201993293,
  "brux2": 0.44853857428635546,
  "n9": 0.7113478478219648,
  "plm3": 0.6311556272559511,
  "rbd8": 0.2846834440651246,
  "n3": 0.6900671616353139,
  "sdb1": 0.4253648631681942,
  "n12": 0.7668942305029889,
  "nfle40": 0.437676535410517,
  "nfle39": 0.6975893500509619,
  "rbd17": 0.4902130662805272,
  "plm4": 0.44366577388227557,
  "rbd22": 0.47771470289752294,
  "plm8": 0.5574977445547107,
  "rbd13": 0.3522143130774097,
  "nfle36": 0.6212455363346887,
  "rbd14": 0.44116445607863075,
  "ins2": 0.8404273572711363,
  "nfle34": 0.503450810293131,
  "nfle16": 0.5290836171184305,
  "nfle19": 0.663967146921171,
  "plm9": 0.5593571112881328,
  "ins3": 0.45345287082225816,
  "nfle30": 0.7250778374927276,
  "sdb3": 0.1647743446682879,
  "rbd20": 0.6001547073218756,
  "nfle31": 0.6736801943066658,
  "ins8": 0.4593232163643819,
  "nfle35": 0.40939562136712937,
  "nfle29": 0.6039210652308162,
  "rbd10": 0.5090410517286705,
  "nfle23": 0.4402014946858077,
  "rbd7": 0.4925642107794209,
  "nfle27": 0.07064446826201687,
  "plm6": 0.7268723578319897,
  "nfle11": 0.6074166259876945,
  "rbd16": 0.5548253299849535,
  "narco5": 0.7247539781351798,
  "nfle1": 0.6418029712496535,
  "nfle21": 0.38611648139197674,
  "nfle13": 0.44262153981513797,
  "nfle20": 0.6439875203742081,
  "nfle3": 0.7215090942751574,
  "n8": 0.5358350265148002,
  "n1": 0.5861721605488664,
  "plm10": 0.8387893227657727,
  "plm7": 0.7910040827815347,
  "narco4": 0.480008953266306,
  "n7": 0.7303720108174869,
  "nfle28": 0.8061578634797524,
  "nfle32": 0.715582724776404,
  "nfle17": 0.6141973096313287,
  "ins4": 0.57659770102093,
  "plm1": 0.6972432838017011,
  "rbd19": 0.715946562152588,
  "n4": 0.5957031053273033,
  "nfle37": 0.6402159563106719,
  "brux1": 0.4511833910034603,
  "rbd3": 0.5140673351338939,
  "n11": 0.6842879892210797,
  "nfle7": 0.29603266270917816,
  "rbd18": 0.7177742234194797,
  "nfle9": 0.6540606671224497,
  "nfle18": 0.5685332404607144,
  "nfle8": 0.5400940650182309,
  "sdb4": 0.1841144593062135,
  "ins1": 0.49595663948462243,
  "nfle24": 0.5646170498754003,
  "nfle2": 0.6232464203881649,
  "rbd6": 0.762648685084105,
  "nfle4": 0.6314241229595705,
  "ins6": 0.778104335047759,
  "plm5": 0.6709847950860941,
  "rbd5": 0.29271435003953383,
  "narco2": 0.8084330616675253,
  "rbd9": 0.35878505536225,
  "n15": 0.5924373491933976,
  "ins5": 0.8523572876862928,
  "rbd12": 0.6361493956123976,
  "n13": 0.6735803300354724,
  "nfle10": 0.5740517851418618,
  "n6": 0.689574197041132,
  "n16": 0.7330543526557693,
  "rbd21": 0.32188543952684,
  "n5": 0.7039712023702132,
  "nfle38": 0.29933493983100046,
  "n2": 0.7889918859893832,
  "n10": 0.5413502765530758,
  "nfle15": 0.6095656681281182,
  "nfle22": 0.5724097500166176,
  "nfle5": 0.453997653269983,
  "nfle14": 0.5077424018356289,
  "nfle26": 0.5995333584674809,
  "narco1": 0.5667979853388521,
  "rbd4": 0.199920722467837,
  "ins7": 0.9075194859925352,
  "plm2": 0.7515020340560034,
  "rbd15": 0.7424620120963343,
  "rbd11": 0.5050400878912826,
  "nfle6": 0.6145943724722625,
  "sdb2": 0.4087295449624153,
  "n14": 0.6917922241489184
}