{
  "25a6b2b0-4d09-561b-82c6-f09bb271d3be": 0.8264864889373877,
  "1fa6c401-d819-50f5-8146-a0bb9e2b2516": 0.8907792980368828,
  "844f68ba-265e-53e6-bf47-6c85d1804a7b": 0.8723510679093652,
  "67fa8e29-6f4d-530e-9422-bbc3aca86ed0": 0.8200019240697055,
  "a30245e3-4a71-565f-9636-92e7d2e825fc": 0.8488894152232141,
  "37d0da97-9ae8-5413-b889-4e843ff35488": 0.9237654398564922,
  "14c012bd-65b0-56f5-bc74-2dffcea69837": 0.7048662732314261,
  "18ede714-aba3-5ad8-bb1a-18fc9b1c4192": 0.7532875049162947,
  "a4568951-bf87-5bbc-bc4f-28e93c360be6": 0.8780931220520308,
  "1da3544e-dc5c-5795-adc3-f5068959211f": 0.8799561503478667,
  "d3cadb78-cb8c-5a6e-885c-392e457c68b1": 0.8381938565727416,
  "bb474ab0-c2ce-573b-8acd-ef86b0fa26a2": 0.8218864358594147,
  "7ab8ff5f-a77f-567d-9882-f8bee0c3c9bf": 0.8826223452769789,
  "3e842aa8-bcd9-521e-93a2-72124233fe2c": 0.89364730614539,
  "64959ac4-53b5-5868-a845-c7476e9fdf7b": 0.8775574611334145,
  "aa160c78-6da3-5e05-8fc9-d6c13e9f97e0": 0.8229976303980223,
  "0d79f4b1-e74f-5e87-8e42-f9dd7112ada5": 0.8875385230735586,
  "b5d5785d-87ee-5078-b9b9-aac6abd4d8de": 0.7545980400149397,
  "5bf0f969-304c-581e-949c-50c108f62846": 0.8013873137690504,
  "119f9726-eb4c-5a0e-a7bb-9e15256149a1": 0.8855045379752962,
  "7d778801-88e7-5086-ad1d-70f31a371876": 0.8113180485241804,
  "769df255-2284-50b3-8917-2155c759fbbd": 0.9129016812265822,
  "f2a69bdc-ed51-5e3f-b102-6b3f7d392be0": 0.8248216878366906,
  "095d6e40-5f19-55b6-a0ec-6e0ad3793da0": 0.7691916824942651,
  "a25b2296-343b-53f6-8792-ada2669d466e": 0.8657191013188302
}