{
  "a0c91989-530f-5117-80c1-2488dbed683c": 0.8119764060171408,
  "f66bc75e-778b-5037-af86-b5275cd4c79f": 0.7645929680880594,
  "730aba3b-e310-5be0-9eed-7c3123466834": 0.7974738584909211,
  "742f1592-627c-54eb-bbb5-ccd55ffae33a": 0.6858754199275566,
  "b3706da5-748b-5dd1-a552-f57e4456cdf6": 0.8455008686592964,
  "02fb158a-a658-51ee-89cf-1e1dc2ebfde1": 0.9038184567386526,
  "a6254c8a-f1b2-5736-b601-18245dd5e0a5": 0.8264682145928425,
  "e8ec8ec4-dc48-50ce-985a-a06d87861030": 0.7424321985277673,
  "e6b7cbef-4c9d-5541-82e8-04810de0fb60": 0.8613709313405888,
  "a35a118e-e65e-5928-92a9-4354a6a0f4ce": 0.757474538670969,
  "2d01dc34-f36c-562e-b24a-d20dc798fdfc": 0.9102292094866284,
  "a65a9e69-cddf-5711-9a97-de8bfdeb08cc": 0.6907036622963039,
  "e72505f1-21be-5d66-b620-cfcfa2d754bc": 0.9423064340685854,
  "22bea84c-5d23-5e49-bc2d-9764f883955b": 0.8970750423700133,
  "40e25dd4-6087-5747-b9c2-4838ada86b15": 0.8593546784829651,
  "0416d51f-5d69-5326-b74a-a2e31a96a1ef": 0.5662191860736974,
  "18482adf-1144-54ca-9e35-27f65c43a105": 0.7035984634248973,
  "c985916d-46a5-5c3e-9d50-a5a91f460bac": 0.7585133477973776,
  "130f3f52-7d0a-551e-af61-2ee75455e5c9": 0.7528052733550262,
  "16450f5a-9b65-5536-85e1-93816c8b89eb": 0.8653569270976104,
  "c03e27b0-4cb5-584f-aaea-8f1e1ed6513c": 0.8684907188929076,
  "b2d3ccdd-395c-5dd2-81d9-252bcfc0c337": 0.8703258867803667,
  "47f45aa2-31c4-595b-bdb6-f1348bba062b": 0.8043303472146983,
  "3dd35e7b-d7e2-516d-8a85-e0d58a59569f": 0.8981435872734248,
  "c31a47f9-e400-5841-a22b-521c81042603": 0.7178154066300977,
  "aadc9e0c-b7c3-5a47-851d-f21971d10935": 0.7949302036483736,
  "c11c730f-0b6b-580b-af31-d8f0ebbbdfce": 0.8175274518170147,
  "90aef91a-252f-5ccc-a82e-78ea7ee9ca1f": 0.6323576137898165,
  "6e2aa933-c51c-5a31-8c7b-83da8d076a12": 0.6299514439049323,
  "eb95076c-c470-56a4-b788-ace310f061c6": 0.8179752270257161,
  "30e8a05b-4cf1-5aa8-9ef7-28d6e2949ad5": 0.8770893669838643,
  "d5181c33-a43b-5dfe-8ad7-0337facb092a": 0.7777805858121256,
  "e59c45e0-0c0c-565f-84a9-6cf0ec5ef6c1": 0.9298988073225767,
  "52fbe46b-206c-584a-9f4f-1eb308e07bac": 0.8290666137461137,
  "32556393-bb57-560a-99e8-e09885219647": 0.6949902105267098,
  "79e8a04e-0fdd-53ae-bedc-d49d08e29103": 0.7519052073110892,
  "cebd3520-4e77-5222-a614-d2888e6afc2b": 0.5785321946294473,
  "c8110476-594c-533d-95bd-86147fccc987": 0.7949498658299603,
  "03341d0d-5927-5838-8a5f-1b8ef39d8f57": 0.5832439975545479,
  "5b94ec8a-c34d-5e45-84d1-bec2ea965609": 0.816670170677166,
  "2159377e-ebf3-5565-9014-1e2ae69dc1d2": 0.8080562162553245,
  "83c1394e-9c69-5c11-9102-9ff8d59b1cfd": 0.8778269981426485,
  "ad47bc12-199c-5294-9cb8-4351bbbf7b5e": 0.8372744985352042,
  "6a7503ac-ab3a-5d5b-b474-4b0fe37748dd": 0.7370098532847769,
  "039ce8ad-a7fa-5272-a3e3-1f4bfebdd087": 0.7945180822030528,
  "5ddbc68c-1283-5c27-952b-d7f102291bc2": 0.7934205591186326,
  "7f5237b1-2196-5c8a-9543-a5aa70210ef4": 0.8637970334643719,
  "a79d1f0e-c133-5aa0-8268-cdcc05825f0f": 0.5819344524380495,
  "4e3c4ac4-69e2-5347-a3b0-662c204d259d": 0.8087188957666109,
  "b3534fa3-7676-50dc-8412-07f0eff4f7a9": 0.8700395380293413,
  "100df108-eb57-5eaa-a413-f7e4436a7895": 0.7591864321032058,
  "2e865ca9-e20f-5a6f-bd25-45d28cc9eab9": 0.8311784800769811,
  "cc3b4b63-4a6f-5f28-ac7e-62f83c271449": 0.8260993479681352,
  "fc10ee0b-b863-511b-bce8-4dfa7af8ac3a": 0.7268097786606971,
  "4b72b905-5521-5c57-b666-e20ff9bb195f": 0.6852756031072267
}